{
  "variants": {
    "facing=north": {
      "model": "dcdecorations:block/brown_brick_0"
    },
    "facing=east": {
      "model": "dcdecorations:block/brown_brick_0",
      "y": 90
    },
    "facing=south": {
      "model": "dcdecorations:block/brown_brick_0",
      "y": 180
    },
    "facing=west": {
      "model": "dcdecorations:block/brown_brick_0",
      "y": 270
    },
    "facing=up": {
      "model": "dcdecorations:block/brown_brick_0",
      "x": 270
    },
    "facing=down": {
      "model": "dcdecorations:block/brown_brick_0",
      "x": 90
    }
  }
}