{"stats":{"minecraft:crafted":{"dcdecorations:white_brick_1":2,"dcdecorations:white_brick_0":18,"dcdecorations:basic_brick_0":16,"dcdecorations:gray_brick_2":8,"dcdecorations:light_green_brick_2":8,"dcdecorations:brown_brick_0":8,"dcdecorations:yellow_brick_2":8,"dcdecorations:dc_door_2":1,"dcdecorations:blue_brick_1":1,"dcdecorations:blue_brick_0":2,"dcdecorations:orange_brick_1":4,"dcdecorations:orange_brick_0":5,"dcdecorations:light_gray_brick_1":8,"dcdecorations:light_gray_brick_0":8,"dcdecorations:black_brick_0":8,"dcdecorations:gray_brick_3":8,"dcdecorations:yellow_brick_3":8},"minecraft:used":{"minecraft:quartz_bricks":165,"dcdecorations:light_blue_brick_1":1,"dcdecorations:ups_vents":5,"dcdecorations:light_blue_brick_2":2,"dcdecorations:server_bottom":12,"dcdecorations:orange_brick_0":2,"dcdecorations:light_blue_brick_0":2,"minecraft:polished_andesite":65,"dcdecorations:light_blue_brick_3":1,"dcdecorations:ups_panels":12,"dcdecorations:orange_brick_2":2,"dcdecorations:light_black_brick_0":2,"dcdecorations:orange_brick_1":1,"dcdecorations:light_black_brick_1":1,"dcdecorations:green_brick_3":1,"dcdecorations:pink_brick_0":2,"dcdecorations:yellow_brick_0":2,"dcdecorations:brown_brick_0":2,"dcdecorations:gray_brick_1":1,"dcdecorations:orange_brick_3":1,"dcdecorations:light_black_brick_3":1,"dcdecorations:ups_screen":2,"dcdecorations:cyan_brick_2":2,"dcdecorations:cyan_brick_0":2,"dcdecorations:light_gray_brick_0":2,"dcdecorations:light_gray_brick_2":2,"minecraft:crafting_table":1,"dcdecorations:dc_door_2":9,"dcdecorations:black_brick_1":5,"dcdecorations:magenta_brick_3":1,"dcdecorations:basic_brick_0":2,"dcdecorations:yellow_brick_2":2,"dcdecorations:gray_brick_3":1,"dcdecorations:pink_brick_2":2,"dcdecorations:purple_brick_3":1,"dcdecorations:server_2_bottom":17,"dcdecorations:light_green_brick_2":74,"dcdecorations:purple_brick_1":1,"dcdecorations:light_green_brick_1":1,"dcdecorations:magenta_brick_1":1,"dcdecorations:server_top":4,"dcdecorations:red_brick_2":2,"dcdecorations:pdu_screen":2,"dcdecorations:white_brick_3":1,"dcdecorations:white_brick_2":1,"dcdecorations:white_brick_1":1,"dcdecorations:brown_brick_2":3,"dcdecorations:black_brick_3":5,"dcdecorations:black_brick_2":5,"dcdecorations:server_2_top":5,"dcdecorations:brown_brick_3":1,"minecraft:heavy_weighted_pressure_plate":6,"minecraft:grass_block":7,"dcdecorations:green_brick_1":1,"minecraft:stone_button":1,"dcdecorations:light_green_brick_3":341,"dcdecorations:red_brick_3":1,"dcdecorations:green_brick_0":2,"dcdecorations:green_brick_2":2,"dcdecorations:light_green_brick_0":2,"minecraft:iron_door":3,"dcdecorations:crac_screen":2,"dcdecorations:blue_brick_0":74,"dcdecorations:blue_brick_2":14,"dcdecorations:blue_brick_3":43,"dcdecorations:blue_brick_1":97,"dcdecorations:red_brick_0":2,"dcdecorations:red_brick_1":1,"dcdecorations:cyan_brick_1":1,"dcdecorations:light_black_brick_2":2,"dcdecorations:gray_brick_0":2,"dcdecorations:light_gray_brick_3":1,"dcdecorations:pink_brick_1":1,"dcdecorations:brown_brick_1":1,"dcdecorations:light_gray_brick_1":1,"dcdecorations:black_brick_0":18,"dcdecorations:white_brick_0":2,"dcdecorations:gray_brick_2":2,"minecraft:trapped_chest":7,"dcdecorations:yellow_brick_3":1,"dcdecorations:pink_brick_3":1,"minecraft:polished_blackstone_button":1,"dcdecorations:cyan_brick_3":1,"dcdecorations:magenta_brick_2":2,"dcdecorations:yellow_brick_1":1,"dcdecorations:purple_brick_2":2,"dcdecorations:magenta_brick_0":2,"dcdecorations:purple_brick_0":2},"minecraft:picked_up":{"dcdecorations:light_black_brick_1":1,"dcdecorations:orange_brick_1":3,"dcdecorations:light_black_brick_2":1,"dcdecorations:green_brick_3":1,"dcdecorations:light_gray_brick_3":2,"dcdecorations:light_gray_brick_2":2,"dcdecorations:light_gray_brick_0":2,"dcdecorations:light_gray_brick_1":1,"dcdecorations:yellow_brick_0":1,"dcdecorations:orange_brick_2":1,"dcdecorations:orange_brick_3":1,"dcdecorations:orange_brick_0":3,"dcdecorations:magenta_brick_3":1,"dcdecorations:pink_brick_1":1,"dcdecorations:purple_brick_3":2,"dcdecorations:light_blue_brick_1":1,"dcdecorations:yellow_brick_2":1,"dcdecorations:red_brick_2":1,"dcdecorations:cyan_brick_3":1,"dcdecorations:green_brick_1":1,"dcdecorations:cyan_brick_1":1,"dcdecorations:light_green_brick_1":2,"dcdecorations:gray_brick_0":1,"dcdecorations:gray_brick_2":2,"dcdecorations:pink_brick_3":2,"dcdecorations:blue_brick_3":3,"dcdecorations:white_brick_2":1,"dcdecorations:red_brick_0":2,"dcdecorations:light_black_brick_3":1,"minecraft:grass_block":1,"minecraft:trapped_chest":1,"dcdecorations:brown_brick_1":2,"dcdecorations:white_brick_0":8,"dcdecorations:blue_brick_1":2,"dcdecorations:brown_brick_2":2,"dcdecorations:black_brick_2":2,"dcdecorations:black_brick_1":2,"dcdecorations:light_green_brick_3":1,"dcdecorations:purple_brick_0":2,"dcdecorations:blue_brick_2":3,"dcdecorations:blue_brick_0":4,"dcdecorations:white_brick_1":1,"dcdecorations:black_brick_3":2,"dcdecorations:magenta_brick_0":2,"dcdecorations:light_green_brick_2":1,"dcdecorations:purple_brick_1":1,"dcdecorations:light_blue_brick_2":1,"dcdecorations:brown_brick_3":1,"dcdecorations:dc_door_2":2,"dcdecorations:light_blue_brick_3":2,"dcdecorations:yellow_brick_3":1,"dcdecorations:black_brick_0":11,"dcdecorations:magenta_brick_1":1,"dcdecorations:brown_brick_0":9,"dcdecorations:magenta_brick_2":2,"dcdecorations:cyan_brick_2":2,"dcdecorations:light_green_brick_0":2,"dcdecorations:green_brick_0":1,"dcdecorations:light_blue_brick_0":1,"dcdecorations:yellow_brick_1":2,"dcdecorations:basic_brick_0":1,"dcdecorations:red_brick_1":1,"dcdecorations:purple_brick_2":1,"dcdecorations:white_brick_3":1,"dcdecorations:pink_brick_2":2,"dcdecorations:pink_brick_0":1,"dcdecorations:gray_brick_3":1,"dcdecorations:gray_brick_1":1,"dcdecorations:green_brick_2":1,"dcdecorations:cyan_brick_0":1,"dcdecorations:red_brick_3":1,"dcdecorations:light_black_brick_0":1},"minecraft:dropped":{"dcdecorations:dc_door_2":1},"minecraft:custom":{"minecraft:interact_with_crafting_table":12,"minecraft:play_one_minute":119233,"minecraft:leave_game":35,"minecraft:time_since_death":119233,"minecraft:time_since_rest":119233,"minecraft:sprint_one_cm":6248,"minecraft:walk_one_cm":302055,"minecraft:trigger_trapped_chest":27,"minecraft:drop":1,"minecraft:damage_dealt":10,"minecraft:fly_one_cm":160356,"minecraft:crouch_one_cm":1350,"minecraft:sneak_time":849,"minecraft:jump":83}},"DataVersion":2586}