{
  "_fv": 24,
  "_type": "recipe",
  "definition": {
    "recipeType": "Crafting",
    "xpReward": 0.0,
    "cookingTime": 200,
    "recipeRetstackSize": 8,
    "group": "black_walls_and_stripes",
    "recipeShapeless": true,
    "recipeSlots": [
      {
        "value": ""
      },
      {
        "value": ""
      },
      {
        "value": ""
      },
      {
        "value": "Items.DYE#16"
      },
      {
        "value": "CUSTOM:BasicBrick0"
      },
      {
        "value": "Items.DYE#19"
      },
      {
        "value": ""
      },
      {
        "value": ""
      },
      {
        "value": ""
      }
    ],
    "recipeReturnStack": {
      "value": "CUSTOM:LightBlackBrick2"
    },
    "name": "d_brown_2_d_lite_black",
    "namespace": "mod"
  }
}