{
  "_fv": 24,
  "_type": "recipe",
  "definition": {
    "recipeType": "Crafting",
    "xpReward": 0.0,
    "cookingTime": 200,
    "recipeRetstackSize": 16,
    "group": "black_walls_and_stripes",
    "recipeShapeless": true,
    "recipeSlots": [
      {
        "value": "Items.DYE#17"
      },
      {
        "value": "Blocks.BRICK_BLOCK"
      },
      {
        "value": ""
      },
      {
        "value": ""
      },
      {
        "value": ""
      },
      {
        "value": ""
      },
      {
        "value": ""
      },
      {
        "value": ""
      },
      {
        "value": ""
      }
    ],
    "recipeReturnStack": {
      "value": "CUSTOM:BasicBrick0"
    },
    "name": "dc_brick_brown_basic",
    "namespace": "mod"
  }
}