{
  "_fv": 24,
  "_type": "recipe",
  "definition": {
    "recipeType": "Crafting",
    "xpReward": 0.0,
    "cookingTime": 200,
    "recipeRetstackSize": 1,
    "group": "",
    "recipeShapeless": false,
    "recipeSlots": [
      {
        "value": "CUSTOM:UPSPanels"
      },
      {
        "value": "CUSTOM:UPSPanels"
      },
      {
        "value": "CUSTOM:UPSPanels"
      },
      {
        "value": "CUSTOM:UPSPanels"
      },
      {
        "value": "Blocks.IRON_DOOR"
      },
      {
        "value": "CUSTOM:UPSPanels"
      },
      {
        "value": "CUSTOM:UPSPanels"
      },
      {
        "value": "CUSTOM:UPSPanels"
      },
      {
        "value": "CUSTOM:UPSPanels"
      }
    ],
    "recipeReturnStack": {
      "value": "CUSTOM:DCDoor2"
    },
    "name": "dc_door_crafting",
    "namespace": "mod"
  }
}