{"stats":{"minecraft:used":{"dcdecorations:server_top":1,"dcdecorations:crac_screen":2,"dcdecorations:pdu_screen":2,"dcdecorations:ups_vents":3,"dcdecorations:ups_screen":2,"dcdecorations:server_bottom":1,"dcdecorations:server_2_top":1,"minecraft:heavy_weighted_pressure_plate":1,"dcdecorations:dc_door_2":3,"minecraft:polished_andesite":102,"dcdecorations:ups_panels":18,"dcdecorations:green_brick_0":44,"dcdecorations:green_brick_1":260,"dcdecorations:server_2_bottom":1},"minecraft:picked_up":{"minecraft:stick":1,"minecraft:wheat_seeds":1,"minecraft:jungle_sapling":1,"minecraft:oak_sapling":6},"minecraft:custom":{"minecraft:time_since_rest":19550,"minecraft:play_one_minute":19550,"minecraft:crouch_one_cm":54,"minecraft:sprint_one_cm":428,"minecraft:walk_one_cm":74657,"minecraft:sneak_time":205,"minecraft:jump":26,"minecraft:leave_game":1,"minecraft:time_since_death":19550,"minecraft:climb_one_cm":256,"minecraft:fly_one_cm":26203}},"DataVersion":2586}